Stock_Ticker,Decision_Date,Category
AAPL,"November 6, 2012",TJ|T100|TVA|TVJ|TV100
PHG,"November 21, 2013",TJ
AAPL,"October 1, 2010",TJ|T100|TVA|TVJ|TV100
BKS,"November 4, 2014",TJ|T100|TVA|TVJ|TV100
OSTK,"January 16, 2015",TJ|T100|TVA|TVJ|TV100
NOK,"March 19, 2014",TJ|T100
PX,"May 26, 2010",TJ|T100
MRO,"September 4, 2015",TJ|T100
CHSCL,"November 25, 2013",TJ|T100
CME,"April 15, 2011",TJ|T100
VAR,"February 23, 2012",TJ|T100|TVA|TVJ|TV100
VIA,"January 23, 2014",TJ
AAPL,"September 21, 2016",TJ|T100|TVA|TVJ|TV100
BBT,"March 26, 2010",TJ|T100
BXS,"March 26, 2010",TJ|T100
GILD,"December 15, 2016",TJ|T100|TVA|TVJ|TV100
MASI,"October 1, 2014",TJ|T100|TVBF|TVJ|TV100
INTC,"April 9, 2008",TJ|T100
AVT,"May 18, 2012",TJ|T100
MSFT,"May 2, 2014",TJ
MSFT,"May 20, 2009",TJ|T100|TVA|TVJ|TV100
BWA,"February 27, 2015",TJ|T100
NOK,"November 21, 2013",TJ|TVJB
MSFT,"April 8, 2009",TJ|T100|TVA|TVJ|TV100
AAPL,"February 24, 2015",TJ|T100|TVA|TVJ|TV100
STI,"March 26, 2010",TJ|T100
TECD,"November 19, 2008",TJ|T100|TVA|TVJ|TV100
EXTR,"May 30, 2008",TJ|T100|TVBF|TVJ|TV100
SNPS,"October 10, 2014",TJ|T100
MSFT,"March 16, 2010",TJ|T100|TVA|TVJ|TV100
SATS,"May 26, 2017",TJ|T100
DD,"August 1, 2012",TJ|T100
CHKP,"February 6, 2015",TJ|T100
VLO,"November 25, 2013",TJ|T100
USB,"November 25, 2013",TJ|T100
GILD,"January 26, 2017",TJ|T100|TVA|TVJ|TV100
EBAY,"January 16, 2015",TJ|T100
IBM,"February 23, 2011",TJ|T100|TVA|TVJ|TV100
MGI,"September 24, 2009",TJ|T100|TVA|TVJ|TV100
LLNW,"February 29, 2008",TJ|T100|TVA|TVJ|TV100
BONT,"April 3, 2014",TJ|T100
AAPL,"October 19, 2015",TJ|T100|TVA|TVJ|TV100
ILMN,"June 19, 2013",TJ|T100|TVA|TVJ|TV100
HPQ,"October 7, 2016",TJ|T100
AVP,"November 18, 2011",TJ|T100|TVA|TVJ|TV100
AAPL,"September 14, 2016",TJ|T100|TVA|TVJ|TV100
TGT,"November 6, 2012",TJ|T100|TVA|TVJ
DE,"November 25, 2013",TJ|T100
WDC,"July 26, 2011",TJ|T100|TVA|TVJ|TV100
MSFT,"May 15, 2008",TJ|T100
MMM,"November 30, 2012",TJ|TVA|TVJ
DUK,"October 3, 2016",TJ|T100
AMZN,"January 23, 2014",TJ
MSFT,"March 19, 2014",TJ|T100
AMZN,"April 15, 2011",TJ|T100
CSCO,"May 12, 2016",TJ|T100|TVA|TVJ|TV100
MRVL,"December 26, 2012",TJ|T100
SNX,"November 19, 2008",TJ|T100
MRO,"January 14, 2016",TJ|T100
INTC,"May 2, 2014",TJ
ENZ,"November 1, 2012",TJ|T100|TVBF|TVJ|TV100
ELY,"March 5, 2010",TJ|T100|TVA|TVJ|TV100
AAPL,"November 17, 2014",TJ|T100|TVA|TVJ|TV100
HPQ,"May 26, 2017",TJ|T100
AAPL,"May 5, 2014",TJ|TVJB
ITRI,"June 6, 2014",TJ|T100
BBRY,"July 13, 2012",TJ|T100
NOK,"September 30, 2014",TJ|T100
ABT,"June 29, 2009",TJ|T100|TVA|TVJ|TV100
ILMN,"March 14, 2013",TJ|T100|TVA|TVJ|TV100
TGT,"January 16, 2015",TJ|T100
HAE,"January 30, 2009",TJ|T100|TVBF|TVJ|TV100
TWX,"May 15, 2009",TJ|T100
IBM,"May 2, 2014",TJ
WHR,"March 10, 2017",TJ|T100|TVBF|TVJ|TV100
AAPL,"December 15, 2016",TJ|T100|TVA|TVJ|TV100
FMC,"May 13, 2011",TJ|T100
BDX,"November 9, 2009",TJ|T100|TVA|TVJ|TV100
AKAM,"February 29, 2008",TJ|T100|TVBF|TVJ|TV100
NTGR,"June 13, 2013",TJ|T100|TVA|TVJ|TV100
ORCL,"August 25, 2008",TJ|T100
HUM,"November 25, 2013",TJ|T100
POWI,"March 4, 2014",TJ|T100|TVBF|TVJ|TV100
CAT,"November 25, 2013",TJ|T100
IBM,"October 12, 2011",TJ|T100
SSNI,"June 6, 2014",TJ|T100|TVA|TVJ|TV100
IBM,"October 5, 2010",TJ|T100
IBM,"May 5, 2014",TJ
SNPS,"March 10, 2016",TJ|T100|TVBF|TVJ|TV100
NVDA,"May 4, 2015",TJ|T100
LLY,"May 18, 2017",TJ|T100|TVA|TVJ|TV100
POWI,"December 18, 2015",TJ|T100|TVBF|TVJ|TV100
NVDA,"February 29, 2012",TJ|T100
HPE,"October 7, 2016",TJ|T100
BAX,"January 30, 2009",TJ|T100
STI,"November 25, 2013",TJ|T100
VSAT,"April 24, 2014",TJ|T100|TVBF|TVJ|TV100
BSX,"May 11, 2011",TJ|T100|TVBF|TVJ|TV100
CBS,"September 15, 2014",TJ|T100|TVA|TVJ|TV100
YHOO,"April 15, 2011",TJ|T100
RAD,"November 25, 2013",TJ|T100
CSCO,"November 6, 2012",TJ|T100
TRV,"November 25, 2013",TJ|T100
AAPL,"November 21, 2013",TJ|TVJB
GEH,"November 25, 2013",TJ|T100
SYMC,"February 6, 2015",TJ|T100|TVA|TVJ|TV100
IDTI,"February 29, 2012",TJ|T100
T,"March 20, 2013",TJ|T100
SHLD,"May 12, 2017",TJ|T100|TVA|TVJ|TV100
VZ,"November 25, 2013",TJ|T100
CFG,"March 26, 2010",TJ|T100
JNJ,"January 28, 2011",TJ|T100|TVA|TVJ|TV100
KYO,"May 23, 2011",TJ|T100
LZB,"March 16, 2016",TJ|T100|TVA|TVJ|TV100
GGG,"November 17, 2016",TJ|T100|TVA|TVJ|TV100
RHT,"April 15, 2011",TJ|T100
FMC,"August 26, 2009",TJ|T100
SYK,"February 5, 2013",TJ|T100|TVBF|TVJ|TV100
SMCI,"February 23, 2011",TJ|T100
CTXS,"June 18, 2012",TJ|T100|TVA|TVJ|TV100
AVX,"January 26, 2016",TJ|T100|TVA|TVJ|TV100
GE,"June 17, 2011",TJ|T100
GMED,"June 14, 2013",TJ|T100|TVA|TVJ|TV100
HPQ,"April 9, 2008",TJ|T100
BSX,"May 12, 2011",TJ|T100|TVBF|TVJ|TV100
FFIV,"March 15, 2016",TJ|T100|TVA|TVJ|TV100
POWI,"December 17, 2015",TJ|T100|TVBF|TVJ|TV100
TEX,"March 3, 2011",TJ|T100
SYX,"April 30, 2010",TJ|T100
CI,"November 25, 2013",TJ|T100
MON,"September 21, 2010",TJ|T100|TVBF|TVJ|TV100
TXN,"May 4, 2015",TJ|T100
MTB,"March 26, 2010",TJ|T100
FDC,"March 26, 2010",TJ|T100
FII,"November 25, 2013",TJ|T100
YHOO,"May 15, 2009",TJ|T100|TVA|TVJ|TV100
MMM,"October 22, 2008",TJ|T100
ZION,"March 26, 2010",TJ|T100
AAPL,"May 2, 2014",TJ|TVJB
AAPL,"February 3, 2016",TJ|T100|TVA|TVJ|TV100
HAS,"March 24, 2008",TJ|T100|TVA|TVJ|TV100
HOLX,"October 17, 2011",TJ|T100|TVA|TVJ|TV100
VZ,"March 18, 2011",TJ|T100
USB,"March 26, 2010",TJ|T100
MSFT,"November 21, 2013",TJ
MON,"August 1, 2012",TJ|T100|TVBF|TVJ|TV100
CGNX,"May 1, 2015",TJ|T100|TVA|TVJ|TV100
CGNX,"May 1, 2014",TJ|T100|TVBF|TVJ|TV100
IBM,"November 21, 2013",TJ
MSFT,"May 5, 2014",TJ
TDC,"May 26, 2017",TJ|T100
BBRY,"February 13, 2015",TJ|T100
RDWR,"March 15, 2016",TJ|T100|TVBF|TVJ|TV100
ROK,"October 16, 2012",TJ|T100|TVBF|TVJ|TV100
INTC,"June 13, 2013",TJ|T100
TWX,"November 4, 2011",TJ|T100
FB,"April 5, 2013",TJ|T100
CSCO,"April 8, 2011",TJ|T100|TVA|TVJ|TV100
NOK,"December 15, 2016",TJ|T100
BELFA,"November 26, 2012",TJ|T100
SYK,"November 11, 2016",TJ|T100
BSX,"May 27, 2008",TJ|T100|TVA|TVJ|TV100
BRCD,"August 6, 2012",TJ|T100|TVBF|TVJ|TV100
BBY,"December 17, 2012",TJ|T100
INTC,"October 5, 2010",TJ|T100
ABT,"January 14, 2011",TJ|T100
HPE,"May 26, 2017",TJ|T100
GE,"November 1, 2012",TJ|T100
HON,"November 26, 2012",TJ|T100
INTC,"May 5, 2014",TJ
INTC,"September 21, 2016",TJ|T100
CAJ,"June 19, 2017",TJ|T100
AAPL,"November 19, 2015",TJ|T100
POWI,"June 5, 2015",TJ|T100|TVBFA|TVJ|TV100
TMUS,"September 14, 2016",TJ|T100
TXN,"October 3, 2013",TJ|T100
CFR,"March 26, 2010",TJ|T100
KEY,"March 26, 2010",TJ|T100
FOSL,"April 3, 2014",TJ|T100|TVA|TVJ|TV100
HPQ,"October 5, 2010",TJ|T100
EA,"December 5, 2014",TJ|T100|TVA|TVJ|TV100
CSCO,"May 17, 2010",TJ|T100|TVA|TVJ|TV100
INTC,"August 4, 2015",TJ|T100
ATEN,"August 6, 2012",TJ|T100|TVA|TVJ|TV100
AMD,"February 29, 2012",TJ|T100
HSNI,"November 25, 2013",TJ|T100
HSNI,"November 18, 2011",TJ|T100
WFC,"March 26, 2010",TJ|T100
SHLD,"January 16, 2015",TJ|T100
CSCO,"September 30, 2016",TJ|T100
GILD,"March 24, 2016",TJ|T100|TVA|TVJ|TV100
BSX,"February 11, 2008",TJ|T100|TVA|TVJ|TV100
HOLX,"September 4, 2012",TJ|T100|TVA|TVJ|TV100
ALK,"November 25, 2013",TJ|T100
INTL,"November 25, 2013",TJ|T100
SPLS,"December 21, 2010",TJ|T100|TVA|TVJ|TV100
S,"September 14, 2016",TJ|T100
TPX,"January 21, 2014",TJ|T100
DD,"May 16, 2017",TJ|T100
CMA,"March 26, 2010",TJ|T100
CNA,"November 25, 2013",TJ|T100
GRMN,"July 12, 2012",TJ|T100
SFLY,"November 18, 2011",TJ|T100
CSCO,"November 26, 2012",TJ|T100
PII,"April 16, 2009",TJ|T100|TVA|TVJ|TV100
NATI,"February 29, 2012",TJ|T100|TVA|TVJ
WHR,"March 11, 2010",TJ|T100|TVBF|TVJ|TV100
CDW,"April 30, 2010",TJ|T100
PRKR,"October 28, 2013",TJ|T100|TVBF|TVJ|TV100
GE,"November 25, 2013",TJ|T100
YHOO,"November 4, 2011",TJ|T100
CSCO,"March 22, 2013",TJ|T100|TVA|TVJ|TV100
T,"September 14, 2016",TJ|T100
AVT,"January 28, 2016",TJ|T100|TVA|TVJ|TV100
INTC,"November 21, 2013",TJ
LLY,"April 21, 2017",TJ|T100|TVA|TVJ|TV100
NUVA,"September 20, 2011",TJ|T100|TVBF|TVJ|TV100
HPQ,"February 23, 2011",TJ|T100
GE,"March 8, 2012",TJ|T100|TVBF|TVJ|TV100
CDW,"November 19, 2008",TJ|T100|TVA|TVJ|TV100
ITRI,"October 3, 2016",TJ|T100
VZ,"September 14, 2016",TJ|T100
AAPL,"April 23, 2009",TJ|T100|TVA|TVJ|TV100
XLNX,"May 18, 2012",TJ|T100|TVA|TVJ|TV100
CAMP,"February 24, 2016",TJ|T100|TVA|TVJ|TV100
MRVL,"January 14, 2013",TJ|T100
VZ,"August 2, 2011",TJ|T100|TVBFA|TVJ|TV100
CIX,"February 25, 2010",TJ|T100|TVBF|TVJ|TV100
INTC,"February 6, 2015",TJ|T100
AAPL,"July 8, 2011",TJ|T100|TVA|TVJ|TV100
BOX,"February 13, 2015",TJ|T100|TVA|TVJ|TV100
MCK,"December 12, 2008",TJ|T100
STT,"November 25, 2013",TJ|T100
IDT,"February 15, 2011",TJ|T100|TVA|TVJ|TV100
TXN,"June 20, 2014",TJ|T100|TVA|TVJ|TV100
PRGO,"December 14, 2016",TJ|T100|TVA|TVJ|TV100
YHOO,"April 29, 2010",TB|TVA|TVB
BBY,"December 7, 2012",TB|T100|TVBF|TVB|TV100
INTC,"June 20, 2014",TB
LLY,"December 6, 2011",TB|TVBF|TVB
DECK,"November 21, 2014",TB|TVBF|TVB
EXTR,"November 5, 2008",TB|T100|TVBF|TVB|TV100
WBA,"July 12, 2016",TB
TXN,"June 25, 2013",TB
IBM,"July 18, 2012",TB
PWR,"April 13, 2012",TB|TVA|TVB
CAMT,"August 11, 2011",TB|T100|TVA|TVB|TV100
CI,"October 22, 2015",TB|T100
MRVL,"May 7, 2014",TB|T100
AAPL,"November 10, 2010",TB|T100
AAPL,"September 4, 2012",TB|T100
AAPL,"January 5, 2011",TB|TVBF|TVB
SYMC,"May 31, 2017",TB
CSCO,"April 6, 2016",TB|T100
PFE,"January 22, 2010",TB
DEPO,"July 17, 2014",TB|TVBF|TVB
NKE,"July 15, 2009",TB|TVBF|TVB
T,"September 9, 2009",TB
POWI,"June 30, 2014",TB|TVBF|TVB
BCR,"March 31, 2009",TB|T100
BBBY,"September 11, 2015",TB
MSFT,"November 7, 2012",TB
AMGN,"October 17, 2008",TB|TVBF|TVB
NKE,"February 7, 2012",TB|TVBF|TVB
WHR,"May 6, 2016",TB|TVBF|TVB
NTAP,"March 27, 2015",TB|T100
ABT,"July 15, 2014",TB
NTGR,"July 22, 2016",TB
AMTD,"February 23, 2011",TB|T100
TXN,"April 25, 2016",TB|T100
BRCD,"June 10, 2013",TB|T100|TVBF|TVB|TV100
AMD,"March 21, 2008",TB
NOK,"March 1, 2013",TB
YHOO,"December 14, 2009",TB|T100
SHLD,"October 31, 2016",TB
FMC,"February 8, 2013",TB
WMT,"February 7, 2013",TB|T100
LLY,"July 2, 2008",TB|TVBF|TVB
GE,"June 21, 2011",TB
BSX,"August 1, 2008",TB|T100|TVA|TVB|TV100
VZ,"November 23, 2011",TB|TVA|TVB
AMPH,"October 7, 2011",TB
MON,"November 7, 2011",TB|T100|TVBF|TVB|TV100
BELFA,"August 17, 2011",TB|T100|TVA|TVB|TV100
ABT,"December 18, 2009",TB|T100|TVA|TVB|TV100
NWS,"April 12, 2016",TB
EGRX,"May 18, 2015",TB
MSFT,"December 23, 2016",TB|T100|TVBF|TVB|TV100
ECL,"August 29, 2012",TB
WDC,"December 28, 2011",TB|TVBF|TVB
DCI,"August 9, 2010",TB|TVBF|TVB
TWTR,"January 27, 2012",TB|TVBF|TVB
CME,"June 24, 2014",TB
HSNI,"April 24, 2015",TB
HSNI,"August 22, 2012",TB|T100
RHT,"September 30, 2011",TB|T100
SSNI,"November 14, 2014",TB|T100|TVA|TVB|TV100
NOK,"September 19, 2014",TB
AAPL,"September 24, 2015",TB|T100|TVBF|TVB|TV100
KMB,"June 16, 2017",TB
JCOM,"December 15, 2016",TB|T100|TVBF|TVB|TV100
TGT,"August 14, 2013",TB|TVA|TVB
RCII,"September 4, 2015",TB|T100
POWI,"December 12, 2008",TB|T100|TVBF|TVB|TV100
FOSL,"March 28, 2016",TB|T100|TVA|TVB|TV100
DEPO,"May 18, 2016",TB|TVBF|TVB
LLNW,"July 1, 2016",TB|T100|TVA|TVB|TV100
MSFT,"August 20, 2015",TB
MGI,"November 18, 2009",TB|T100
HON,"February 5, 2014",TB|T100|TVBF|TVB|TV100
ALG,"March 8, 2013",TB|T100|TVBF|TVB|TV100
ADBE,"December 29, 2011",TB
ACOR,"December 22, 2015",TB|TVBF|TVB
JNPR,"March 18, 2008",TB|T100
INTC,"October 31, 2016",TB|T100
NOK,"August 24, 2012",TB
WMT,"February 27, 2009",TB
BAC,"August 2, 2011",TB|T100
CAJ,"September 29, 2014",TB
AMZN,"May 8, 2013",TB
IBM,"November 7, 2012",TB
IBM,"November 7, 2013",TB|T100
KEY,"August 3, 2011",TB|T100
IPGP,"December 14, 2012",TB|T100|TVBF|TVB|TV100
SUPN,"May 25, 2012",TB
BBBY,"March 24, 2011",TB
NVDA,"June 17, 2015",TB
BRCD,"January 10, 2013",TB|TVBF|TVB
AAPL,"January 18, 2016",TB
COST,"November 24, 2008",TB
AMRI,"June 14, 2010",TB|TVBF|TVB
NVO,"September 25, 2009",TB|TVA|TVB
THO,"February 29, 2008",TB
FITB,"November 22, 2010",TB
FB,"August 7, 2013",TB|T100
VRX,"November 14, 2013",TB|TVBF|TVB
MON,"February 9, 2009",TB|TVBF|TVB
TMO,"July 27, 2012",TB
CSCO,"May 12, 2014",TB
SHLD,"January 3, 2017",TB|TVA|TVB
T,"November 22, 2013",TB|T100
IPXL,"June 23, 2014",TB|TVA|TVB
BBBY,"December 7, 2010",TB
INTC,"October 8, 2009",TB|TVBF|TVB
WFC,"May 20, 2016",TB|T100
WMT,"July 6, 2009",TB|T100
MSFT,"December 26, 2012",TB|TVBF|TVB
BMY,"January 30, 2012",TB|T100
BMY,"November 5, 2013",TB|TVBF|TVB
NTRA,"July 19, 2016",TB|TVBF|TVB
ZBH,"December 30, 2011",TB|TVA|TVB
SHLD,"January 9, 2015",TB|T100
TGT,"May 15, 2013",TB
EGRX,"July 30, 2013",TB
POWI,"January 19, 2011",TB|T100|TVBF|TVB|TV100
T,"October 7, 2013",TB|T100|TVA|TVB|TV100
NVS,"September 14, 2015",TB|TVBF|TVB
SUPN,"April 4, 2017",TB|T100|TVBF|TVB|TV100
USB,"August 2, 2011",TB|T100
HUM,"October 22, 2015",TB|T100
ROK,"June 14, 2017",TB|TVBF|TVB
AMRI,"June 2, 2010",TB|TVBF|TVB
MTB,"September 27, 2010",TB|T100
YHOO,"May 20, 2016",TB|T100|TVBF|TVB
IPXL,"July 26, 2011",TB
BAC,"August 3, 2011",TB|T100
AAPL,"September 19, 2014",TB
BAX,"August 19, 2009",TB|T100
CAJ,"November 22, 2013",TB
EBAY,"May 8, 2013",TB|T100|TVBF|TVB|TV100
AAPL,"November 23, 2016",TB|T100
WMT,"February 4, 2009",TB
HAE,"June 24, 2009",TB|T100|TVBF|TVB|TV100
MNTA,"May 9, 2016",TB
MMM,"April 29, 2014",TB|T100|TVA|TVB|TV100
KYO,"November 19, 2009",TB|T100
PHG,"February 6, 2008",TB
JBT,"March 8, 2017",TB|TVA|TVB
AVT,"August 30, 2013",TB|T100
ZBRA,"May 31, 2017",TB
JAKK,"September 28, 2010",TB|TVBF|TVB
POWI,"November 16, 2016",TB|T100|TVBF|TVB|TV100
ITRI,"December 19, 2014",TB|T100
COST,"July 7, 2009",TB|T100|TVBF|TVB|TV100
NOK,"October 14, 2009",TB
NUAN,"May 22, 2013",TB|T100|TVBF|TVB|TV100
DEPO,"June 9, 2014",TB|TVBF|TVB
UEIC,"September 4, 2015",TB|T100
BWA,"December 11, 2009",TB
WMT,"November 4, 2012",TB|TVA|TVB
MRVL,"March 31, 2014",TB|T100
IBM,"August 19, 2014",TB|T100
HPQ,"February 27, 2017",TB|T100
AAPL,"February 26, 2013",TB|T100|TVA|TVB|TV100
RNWK,"February 21, 2012",TB
IBM,"April 11, 2012",TB
FMC,"September 9, 2011",TB|T100
MNTA,"December 20, 2013",TB|TVA|TVB
PFE,"October 17, 2011",TB|T100
STI,"April 12, 2011",TB|TVA|TVB
HOLX,"June 27, 2013",TB|TVA|TVB
AMD,"June 19, 2013",TB|T100
AMZN,"July 6, 2016",TB
TARO,"October 27, 2016",TB
GE,"July 7, 2014",TB|TVA|TVB
AAPL,"August 20, 2015",TB
LLNW,"March 27, 2015",TB|T100
CAJ,"November 6, 2015",TB
MON,"May 12, 2010",TB|TVBF|TVB
MON,"October 8, 2009",TB|TVBF|TVB
AVT,"September 13, 2016",TB|TVA|TVB
AAPL,"September 18, 2015",TB
RTEC,"March 26, 2012",TB|T100
JNPR,"July 22, 2016",TB
YHOO,"January 2, 2013",TB|TVBF|TVB
HPQ,"January 3, 2014",TB|T100
KEY,"August 2, 2011",TB|T100
CSCO,"September 30, 2011",TB|T100
UPS,"February 24, 2017",TB
NVDA,"January 11, 2012",TB
POWI,"July 3, 2014",TB|TVBF|TVB
UUU,"May 14, 2009",TB|T100
GUID,"February 24, 2016",TB
CCV,"February 21, 2017",TB|T100
MSFT,"June 20, 2014",TB
MMM,"November 22, 2011",TB|T100|TVBF|TVB|TV100
YHOO,"December 9, 2009",TB|TVA|TVB
HPQ,"October 2, 2012",TB
SHLD,"July 12, 2016",TB
OSTK,"March 24, 2011",TB
AMGN,"February 16, 2011",TB|TVBF|TVB
IBM,"August 24, 2012",TB
AAPL,"October 31, 2012",TB|TVBF|TVB
GE,"February 10, 2011",TB|T100|TVBF|TVB|TV100
ITW,"February 9, 2016",TB|TVBF|TVB
BELFA,"January 24, 2011",TB|TVA|TVB
YHOO,"September 30, 2011",TB|T100|TVBF|TVB|TV100
AAPL,"February 28, 2013",TB|T100|TVA|TVB|TV100
WILN,"January 3, 2014",TB|T100
MON,"March 23, 2009",TB|TVBF|TVB
PFE,"June 2, 2014",TB
WHR,"February 17, 2017",TB|TVBF|TVB
KYO,"September 25, 2008",TB|T100
MON,"July 2, 2012",TB|TVBF|TVB
MMM,"June 19, 2012",TB|TVBF|TVB
ROK,"July 22, 2016",TB
AMZN,"November 2, 2016",TB
IPXL,"May 24, 2011",TB
SWIR,"February 5, 2008",TB
ECL,"February 4, 2010",TB
SYK,"January 28, 2011",TB|T100|TVBF|TVB|TV100
RDWR,"September 7, 2016",TB|T100|TVBFA|TVB|TV100
AKAM,"July 1, 2016",TB|T100|TVBF|TVB|TV100
IPXL,"July 16, 2013",TB|TVA|TVB
MSFT,"May 13, 2014",TB|T100
IPXL,"July 16, 2014",TB|TVA|TVB
TEX,"July 21, 2011",TB|TVA|TVB
FB,"June 26, 2013",TB|T100
DE,"October 22, 2015",TB|T100
MU,"March 8, 2010",TB
NVDA,"March 10, 2009",TB
ROK,"October 7, 2013",TB|TVBF|TVB
PLT,"February 22, 2010",TB
JNPR,"June 30, 2016",TB
MSFT,"December 14, 2016",TB|T100|TVBF|TVB|TV100
WMT,"June 17, 2013",TB|T100
MGI,"May 17, 2011",TB|T100|TVBF|TVB|TV100
HUM,"May 20, 2016",TB|T100
GPRO,"May 16, 2017",TB|TVBF|TVB
ELOS,"December 12, 2014",TB|TVBF|TVB
SYK,"May 18, 2015",TB|T100|TVBF|TVB|TV100
MRO,"March 16, 2016",TB|T100|TVBF|TVB
GE,"September 29, 2011",TB
STM,"November 10, 2010",TB|T100
PHG,"June 3, 2009",TB|T100
MMM,"October 29, 2013",TB|TVBF|TVB
FOSL,"September 22, 2014",TB|TVA|TVB
SUPN,"June 19, 2013",TB|TVBF|TVB
ECL,"January 6, 2010",TB
ZION,"September 28, 2015",TB|T100
IBKR,"February 6, 2014",TB
WMT,"September 29, 2008",TB|T100
NKE,"February 26, 2008",TB|TVBF|TVB
MKSI,"June 28, 2010",TB|TVBF|TVB
BXS,"September 27, 2010",TB|T100
BSX,"March 13, 2012",TB|T100|TVBF|TVB|TV100
WMT,"March 30, 2009",TB
HAS,"November 29, 2010",TB|TVBF|TVB
NOK,"May 10, 2011",TB
CAMT,"August 28, 2009",TB|T100|TVA|TVB|TV100
EBAY,"May 20, 2016",TB|T100
ALG,"March 2, 2010",TB|TVBF|TVB
SBUX,"January 20, 2016",TB
TGT,"September 8, 2009",TB|T100
MON,"April 2, 2010",TB|T100|TVBF|TVB|TV100
CHH,"September 9, 2009",TB
ACTG,"June 4, 2010",TB
BBT,"September 11, 2009",TB
CAT,"October 22, 2015",TB|T100
DLTH,"June 23, 2011",TB
MSFT,"September 19, 2014",TB
AVT,"September 3, 2013",TB|T100
AAPL,"March 1, 2013",TB
NVS,"December 20, 2013",TB
EA,"December 5, 2016",TB
LLNW,"April 15, 2015",TB|T100
INTC,"August 19, 2016",TB|T100
RTN,"March 30, 2017",TB|T100|TVA|TVB|TV100
MMM,"January 22, 2009",TB
GEVO,"July 6, 2012",TB|TVA|TVB
MSFT,"June 13, 2014",TB|T100|TVA|TVB|TV100
WFC,"September 11, 2009",TB
WHR,"January 8, 2016",TB|TVBF|TVB
BBBY,"September 29, 2016",TB
MU,"March 21, 2012",TB
WMT,"July 12, 2016",TB
JKHY,"March 31, 2016",TB|T100|TVBF|TVB|TV100
MON,"October 29, 2010",TB|TVBF|TVB
FBC,"May 17, 2010",TB|T100|TVBF|TVB|TV100
MON,"August 3, 2011",TB|T100|TVBF|TVB|TV100
DISH,"January 15, 2010",TB|T100
COH,"February 22, 2012",TB|TVBF|TVB
HPQ,"July 14, 2011",TB
MON,"November 20, 2008",TB|TVBF|TVB
MTSC,"January 4, 2010",TB|TVA|TVB
BKS,"January 12, 2017",TB|TVA|TVB
GE,"November 29, 2012",TB|T100
MSFT,"August 24, 2012",TB
NKE,"March 22, 2012",TB|TVBF|TVB
PHG,"March 16, 2009",TB
SPG,"May 21, 2013",TB|T100
NKE,"September 3, 2008",TB|TVBF|TVB
BELFA,"July 11, 2011",TB|T100|TVA|TVB|TV100
CPIX,"November 17, 2015",TB
BWA,"March 23, 2016",TB
WHR,"April 14, 2016",TB|TVBF|TVB
CTXS,"September 26, 2014",TB|T100|TVBF|TVB|TV100
AAPL,"January 3, 2014",TB|T100|TVBF|TVB|TV100
LLY,"December 2, 2011",TB|TVBF|TVB
JNJ,"September 29, 2011",TB|TVA|TVB
NOK,"September 18, 2015",TB
MON,"August 21, 2008",TB|T100|TVBF|TVB|TV100
WDC,"June 8, 2017",TB|T100
MGI,"September 30, 2009",TB|T100
SKX,"April 28, 2008",TB
CDW,"May 7, 2009",TB|T100|TVA|TVB|TV100
NVDA,"March 8, 2010",TB
BBY,"April 6, 2015",TB
MOG-A,"June 8, 2017",TB
NTAP,"September 25, 2014",TB|T100|TVBF|TVB|TV100
AAPL,"May 5, 2017",TB|T100|TVA|TVB|TV100
CHTR,"October 13, 2009",TB
DISH,"June 2, 2009",TB|T100
VRX,"June 17, 2015",TB
RMBS,"March 21, 2012",TB
AMTD,"May 20, 2016",TB|T100
CTXS,"April 28, 2008",TB|T100|TVBF|TVB|TV100
WHR,"November 4, 2016",TB|TVBF|TVB
PH,"August 4, 2008",TB|T100|TVBF|TVB|TV100
NOK,"June 13, 2014",TB|T100
ABT,"September 30, 2011",TB|TVBF|TVB
PHG,"October 14, 2009",TB
AAPL,"January 27, 2017",TB|TVBF|TVB
DECK,"June 1, 2009",TB
NUAN,"November 6, 2008",TB|TVA|TVB
IBM,"May 14, 2012",TB
MTB,"September 11, 2009",TB
AVP,"August 22, 2012",TB|T100|TVA|TVB|TV100
JNJ,"February 22, 2010",TB|TVBF|TVB
SYMC,"June 8, 2015",TB|T100|TVA|TVB|TV100
AAPL,"June 23, 2017",TB
ZION,"September 27, 2010",TB|T100
SYMC,"May 1, 2015",TB
CAJ,"March 21, 2012",TB
AVT,"February 17, 2016",TB|T100|TVA|TVB|TV100
BELFA,"April 11, 2011",TB
HPQ,"May 15, 2009",TB|T100
HAE,"June 1, 2009",TB|TVBF|TVB
HON,"April 6, 2016",TB|T100
BGCA,"January 24, 2013",TB
ENR,"November 3, 2008",TB|TVBF|TVB
BBBY,"August 6, 2015",TB
POWI,"February 3, 2011",TB|T100|TVBF|TVB|TV100
WHR,"October 28, 2016",TB|TVBF|TVB
MPWR,"March 3, 2011",TB|T100|TVBF|TVB|TV100
WMT,"September 29, 2016",TB
COST,"June 30, 2009",TB|T100
WMT,"September 29, 2011",TB
MSFT,"March 1, 2013",TB
LLY,"May 22, 2017",TB|TVBF|TVB
SUPN,"April 29, 2013",TB|TVBFA|TVB
SATS,"January 15, 2010",TB|T100
NKE,"May 15, 2013",TB|TVBF|TVB
XLNX,"August 30, 2013",TB|T100|TVA|TVB|TV100
SATS,"August 3, 2011",TB
BXS,"May 20, 2016",TB|T100
CFR,"September 27, 2010",TB|T100
PFE,"October 4, 2013",TB
SYK,"September 5, 2013",TB|T100|TVBF|TVB|TV100
CSCO,"July 11, 2011",TB|T100
ZION,"August 2, 2011",TB|T100
ZION,"September 11, 2009",TB
NVDA,"September 28, 2015",TB|T100
LMT,"February 6, 2014",TB|T100
FFIV,"September 7, 2016",TB|T100|TVBFA|TVB|TV100
RF,"April 12, 2011",TB
ADBE,"June 25, 2013",TB
SUPN,"May 31, 2013",TB|TVBF|TVB
DG,"July 13, 2016",TB|TVA|TVB
PHG,"March 27, 2009",TB
TWTR,"May 20, 2016",TB|T100|TVBF|TVB
BSX,"August 26, 2015",TB|T100
KYO,"July 23, 2012",TB|T100
CAJ,"May 13, 2015",TB
PRGO,"August 28, 2014",TB|TVA|TVB
GMED,"April 9, 2014",TB|T100|TVA|TVB|TV100
ILMN,"July 1, 2013",TB|T100|TVA|TVB|TV100
DORM,"December 11, 2009",TB|TVA|TVB
EBAY,"April 26, 2012",TB
XLNX,"October 2, 2013",TB|T100|TVA|TVB|TV100
INTU,"May 1, 2015",TB
HPQ,"June 25, 2012",TB
CAJ,"March 16, 2012",TB
GMED,"October 27, 2009",TB|TVA|TVB
DD,"July 6, 2012",TB
TXN,"December 14, 2015",TB|T100
BBOX,"June 30, 2016",TB
ABT,"May 22, 2012",TB|T100|TVA|TVB|TV100
TARO,"February 4, 2016",TB
MMM,"July 12, 2010",TB|TVBF|TVB
KODK,"October 14, 2009",TB
CFG,"September 11, 2009",TB
POWI,"February 12, 2009",TB|TVBF|TVB
HPQ,"March 30, 2009",TB|T100
SHLD,"September 29, 2016",TB
MON,"October 29, 2008",TB|T100|TVBF|TVB|TV100
BCR,"March 10, 2015",TB
SYK,"January 27, 2009",TB|TVBF|TVB
DECK,"June 14, 2016",TB|TVBF|TVB
LLY,"June 16, 2017",TB|TVBF|TVB
AMGN,"January 7, 2011",TB|TVBF|TVB
WHR,"April 6, 2016",TB|TVBF|TVB
SWIR,"March 24, 2008",TB|T100
IBM,"November 25, 2014",TB
TGT,"November 20, 2012",TB|T100|TVA|TVB
AAPL,"November 7, 2012",TB
ASUR,"October 10, 2014",TB
NVDA,"May 8, 2013",TB
CSCO,"March 18, 2008",TB|T100
AHPI,"February 12, 2016",TB|TVA|TVB
DECK,"September 2, 2014",TB|TVBF|TVB
ODP,"March 21, 2014",TB|T100
AAPL,"November 25, 2014",TB
FB,"May 20, 2016",TB|T100
DECK,"December 2, 2014",TB|TVBF|TVB
CAJ,"July 23, 2014",TB
USB,"October 22, 2015",TB|T100
IBM,"March 16, 2012",TB
DORM,"January 5, 2010",TB|TVA|TVB
IBM,"September 19, 2014",TB
GE,"May 26, 2017",TB|TVBF|TVB
FNSR,"May 19, 2015",TB
INTC,"November 7, 2013",TB|T100
INTC,"November 7, 2012",TB
MLHR,"July 31, 2013",TB|TVBF|TVB
GMED,"June 24, 2013",TB|T100|TVA|TVB|TV100
CAJ,"July 22, 2014",TB
NOK,"June 20, 2014",TB
ITW,"December 10, 2008",TB|TVA|TVB
SNY,"September 22, 2016",TB|TVBF|TVB
EA,"December 29, 2016",TB
PBI,"October 16, 2008",TB|TVBF|TVB
ITRI,"November 14, 2014",TB|T100
PHG,"August 24, 2012",TB
INTC,"September 4, 2015",TB|T100|TVBF|TVB|TV100
CSCO,"February 26, 2013",TB|T100
COLM,"January 20, 2016",TB
EGRX,"February 24, 2015",TB|TVA|TVB
SHLD,"November 21, 2016",TB|TVA|TVB
SHLD,"November 21, 2014",TB
SHLD,"December 18, 2014",TB
BBRY,"February 4, 2015",TB|T100|TVBF|TVB|TV100
ATEN,"February 12, 2013",TB|TVA|TVB
WMT,"May 7, 2014",TB|T100|TVA|TVB
DE,"January 27, 2012",TB|T100|TVA|TVB|TV100
MTB,"August 3, 2011",TB|T100
SSNI,"July 26, 2016",TB|T100|TVBF|TVB|TV100
MON,"October 16, 2008",TB|T100|TVBF|TVB|TV100
BONT,"June 27, 2014",TB
RTEC,"August 17, 2012",TB|T100
ABT,"March 19, 2009",TB|T100|TVA|TVB|TV100
CAJ,"November 19, 2009",TB|T100
AAPL,"January 15, 2010",TB|TVBF|TVB
RTEC,"November 17, 2010",TB|T100
BAX,"June 1, 2009",TB
NOK,"March 6, 2014",TB
HPQ,"May 15, 2013",TB
PII,"August 14, 2009",TB|TVA|TVB
AAPL,"June 24, 2011",TB|TVBF|TVB
NOK,"June 17, 2014",TB|T100
AAPL,"June 26, 2012",TB
PFE,"August 1, 2013",TB
CTXS,"March 20, 2013",TB|TVBF|TVB
LII,"December 3, 2014",TB
MSFT,"April 5, 2013",TB|T100|TVBF|TVB
SCHW,"May 20, 2016",TB|T100
RNWK,"December 14, 2009",TB|T100
MON,"February 2, 2016",TB|TVBF|TVB
GRMN,"January 28, 2009",TB
TGT,"December 7, 2010",TB|TVA|TVB
INTC,"March 24, 2016",TB|T100
NWS,"March 28, 2016",TB
ATEN,"September 6, 2011",TB|TVA|TVB
MSI,"August 22, 2014",TB
ODP,"March 24, 2011",TB
CSCO,"May 17, 2011",TB
SHLD,"December 22, 2014",TB
ENZ,"November 7, 2012",TB|T100|TVBF|TVB|TV100
SHLD,"March 22, 2012",TB
ZNGA,"September 10, 2015",TB|T100
MON,"July 29, 2009",TB|TVBF|TVB
INTC,"September 18, 2015",TB
FLIR,"March 30, 2017",TB|T100
COST,"March 24, 2011",TB
NVDA,"April 25, 2016",TB|T100
WMT,"May 2, 2017",TB|T100|TVA|TVB
BSX,"February 14, 2008",TB|T100|TVA|TVB|TV100
CTXS,"June 2, 2008",TB|TVA|TVB
BSX,"July 6, 2009",TB|TVA|TVB
IPXL,"April 17, 2017",TB|TVBF|TVB
BKS,"December 21, 2015",TB|T100
MON,"November 12, 2009",TB|TVBF|TVB
AMZN,"August 26, 2014",TB|T100
PH,"May 3, 2010",TB
NKE,"February 9, 2012",TB|TVBF|TVB
NTGR,"June 30, 2016",TB
CSCO,"June 17, 2013",TB
HPQ,"May 8, 2013",TB
CTXS,"September 17, 2012",TB|T100|TVA|TVB|TV100
BBBY,"October 31, 2016",TB
BBT,"May 20, 2016",TB|T100
TGT,"February 4, 2009",TB
BELFA,"May 28, 2013",TB|T100
BGCA,"February 23, 2011",TB|T100
NVS,"June 9, 2017",TB|TVBF|TVB
VZ,"October 14, 2011",TB|T100|TVA|TVB|TV100
CHKP,"March 24, 2016",TB|T100
KYO,"June 28, 2012",TB|T100
MON,"April 24, 2008",TB|T100|TVBF|TVB|TV100
BRCD,"February 12, 2013",TB|TVBF|TVB
EXTR,"March 16, 2009",TB|TVBF|TVB
BLW,"May 20, 2016",TB|T100
DECK,"January 9, 2015",TB|TVBF|TVB
CMI,"October 22, 2012",TB
CSCO,"January 30, 2014",TB|TVA|TVB
AMZN,"February 11, 2009",TB|T100
FNSR,"August 2, 2013",TB|TVBF|TVB
GRPN,"May 20, 2016",TB|T100|TVBF|TVB
FMC,"March 17, 2014",TB|T100
AEO,"March 22, 2012",TB
AMAT,"July 6, 2010",TB|T100|TVA|TVB|TV100
ENZ,"November 29, 2012",TB|T100|TVBF|TVB|TV100
DCI,"February 28, 2011",TB|TVBF|TVB
MON,"June 15, 2009",TB|T100|TVBF|TVB|TV100
STT,"October 22, 2015",TB|T100
BBY,"December 5, 2012",TB
PRGS,"March 21, 2014",TB|T100
ODP,"March 22, 2012",TB
XLNX,"October 13, 2016",TB
TEX,"May 26, 2011",TB|TVA|TVB
PRGO,"August 22, 2016",TB
LII,"September 29, 2016",TB
BAC,"September 11, 2009",TB
IBM,"September 18, 2015",TB
KODK,"March 22, 2012",TB
STI,"August 2, 2011",TB|T100
XLNX,"September 4, 2013",TB|T100|TVA|TVB|TV100
WHR,"October 25, 2016",TB|TVBF|TVB
TRV,"October 22, 2015",TB|T100
CAJ,"September 25, 2008",TB|T100
CMA,"September 27, 2010",TB|T100
NOK,"December 22, 2016",TB|T100
EBAY,"June 12, 2008",TB|TVBF|TVB
BCOV,"June 25, 2013",TB
GE,"August 26, 2011",TB|T100
BIG,"February 20, 2014",TB
TXN,"December 28, 2015",TB|T100
NVDA,"June 19, 2013",TB|T100
CELG,"January 4, 2016",TB|TVBF|TVB
HSNI,"October 22, 2015",TB|T100
DEPO,"August 25, 2015",TB|TVBF|TVB
BONT,"September 22, 2014",TB
FOSL,"June 27, 2014",TB|TVA|TVB
BBBY,"August 25, 2016",TB
WHR,"May 17, 2016",TB|TVBF|TVB
GMED,"July 17, 2009",TB|T100|TVA|TVB|TV100
WMT,"November 24, 2008",TB
BELFA,"April 6, 2016",TB|T100
FDX,"March 17, 2010",TB|TVBF|TVB
WHR,"November 12, 2015",TB|TVBF|TVB
LMT,"October 17, 2012",TB
MRO,"January 20, 2016",TB|T100
OMN,"August 19, 2009",TB
CAJ,"May 2, 2012",TB
GEH,"October 22, 2015",TB|T100
LLY,"March 29, 2017",TB|TVBF|TVB
PH,"August 29, 2008",TB|T100|TVBF|TVB|TV100
EGRX,"June 29, 2015",TB
ZBH,"October 3, 2011",TB|TVA|TVB
BWA,"January 5, 2010",TB
NTGR,"November 24, 2009",TB|TVBF|TVB
WMT,"November 17, 2011",TB
PRGO,"December 9, 2008",TB
SNPS,"April 26, 2012",TB|T100|TVBF|TVB|TV100
GES,"January 20, 2016",TB|TVBF|TVB
LMT,"February 5, 2014",TB|T100
DEPO,"September 30, 2016",TB|TVBF|TVB
AMGN,"December 9, 2015",TB|TVBF|TVB
SCMP,"December 2, 2014",TB|TVBF|TVB
CAJ,"September 16, 2010",TB
ITRI,"December 21, 2016",TB|T100
IPXL,"May 15, 2014",TB|TVA|TVB
MON,"July 2, 2009",TB|TVBF|TVB
BMY,"January 16, 2014",TB|TVBF|TVB
SUPN,"October 16, 2015",TB|TVBF|TVB
GMED,"October 7, 2009",TB|T100|TVA|TVB|TV100
CAMT,"August 17, 2012",TB|T100|TVA|TVB|TV100
MDCO,"October 13, 2011",TB|TVBF|TVB
MDCO,"November 12, 2014",TB|TVBF|TVB
WHR,"May 15, 2017",TB|TVBF|TVB
SONS,"August 22, 2014",TB
ADSK,"December 29, 2011",TB
RATE,"March 13, 2012",TB
PFE,"May 28, 2014",TB
MSFT,"March 6, 2014",TB
SLAB,"April 11, 2008",TB
PHG,"April 11, 2012",TB
WFC,"August 3, 2011",TB|T100
KNX,"June 21, 2013",TB
AAPL,"March 20, 2015",TB|T100|TVBF|TVB|TV100
NTGR,"December 31, 2009",TB|T100|TVBF|TVB|TV100
MMM,"December 10, 2008",TB|TVBF|TVB
SSNI,"December 4, 2014",TB|T100|TVA|TVB|TV100
JNJ,"March 31, 2011",TB|T100|TVA|TVB|TV100
PRGO,"December 17, 2008",TB
BRCD,"September 6, 2011",TB|TVBF|TVB
HON,"May 28, 2013",TB|T100
FIS,"May 20, 2016",TB|T100
CBSH,"November 22, 2010",TB
GE,"December 12, 2016",TB|TVBF|TVB
CBS,"December 14, 2009",TB|T100
JNJ,"February 23, 2010",TB|T100
SUPN,"April 7, 2014",TB|TVBF|TVB
SCMP,"November 21, 2016",TB|TVBF|TVB
IPXL,"April 24, 2013",TB|TVA|TVB
TGT,"June 23, 2011",TB
MSFT,"January 18, 2016",TB
LEA,"February 10, 2011",TB|T100
INTC,"November 10, 2010",TB|T100|TVBF|TVB|TV100
GLUU,"December 29, 2016",TB
IPXL,"May 9, 2016",TB
BBRY,"August 11, 2015",TB|T100
CAMP,"April 24, 2017",TB|T100|TVA|TVB|TV100
CSCO,"March 2, 2017",TB|T100|TVBF|TVB|TV100
AMZN,"September 30, 2011",TB|T100
GT,"March 22, 2012",TB
TGT,"May 8, 2013",TB
AAPL,"December 21, 2015",TB|T100|TVBF|TVB|TV100
ADTN,"June 30, 2016",TB
STI,"August 3, 2011",TB|T100
MMM,"October 31, 2013",TB|TVBF|TVB
BELFA,"May 2, 2011",TB
DISCA,"June 16, 2010",TB|TVA|TVB
AMZN,"June 25, 2012",TB
AAPL,"November 22, 2011",TB|TVBF|TVB
NOK,"April 11, 2012",TB
HSNI,"November 2, 2016",TB
KMT,"January 11, 2013",TB
AMPH,"October 21, 2011",TB
DECK,"September 23, 2013",TB|TVBF|TVB
BGG,"May 15, 2013",TB
TITN,"October 20, 2010",TB
INTC,"December 18, 2009",TB|TVBF|TVB
AAPL,"November 21, 2014",TB|T100|TVA|TVB|TV100
PRGO,"July 6, 2015",TB
ACOR,"August 18, 2016",TB|TVBF|TVB
BONT,"March 30, 2009",TB
HOG,"March 22, 2012",TB
IBKR,"February 23, 2011",TB|T100
VRX,"June 12, 2015",TB|TVA|TVB
WMT,"March 8, 2017",TB|T100|TVA|TVB
TEX,"January 29, 2014",TB|TVBF|TVB
QTM,"August 20, 2008",TB|TVA|TVB
GGG,"November 22, 2016",TB|TVBF|TVB
CSCO,"September 28, 2011",TB|T100|TVA|TVB|TV100
PHG,"June 20, 2014",TB
CIEN,"April 15, 2014",TB|T100
ITW,"June 1, 2016",TB|TVBF|TVB
BAX,"March 16, 2012",TB|T100
CAJ,"July 25, 2014",TB
CAMT,"March 26, 2012",TB|T100|TVA|TVB|TV100
WMT,"November 21, 2014",TB
WMT,"November 21, 2016",TB|TVA|TVB
ADBE,"May 1, 2015",TB|TVBF|TVB
AAPL,"June 6, 2017",TB|T100|TVA|TVB|TV100
DAL,"February 24, 2017",TB|TVBF|TVB
NUVA,"March 2, 2012",TB|T100|TVBFA|TVB|TV100
SUPN,"May 5, 2017",TB|TVBF|TVB
WBA,"October 31, 2016",TB
BDC,"July 22, 2016",TB
ZNGA,"May 1, 2015",TB
FTNT,"June 30, 2016",TB
MOG-A,"January 13, 2017",TB
DG,"July 14, 2016",TB|TVA|TVB
EBAY,"December 23, 2010",TB
PRGO,"May 17, 2011",TB|TVA|TVB
CSCO,"August 22, 2014",TB|TVBF|TVB
LAUR,"April 12, 2013",TB
RMBS,"May 8, 2013",TB
MS,"May 20, 2016",TB|T100
ENZ,"January 3, 2014",TB|T100|TVBF|TVB|TV100
ITRI,"July 26, 2016",TB|T100
TWX,"March 8, 2010",TB
FB,"October 10, 2014",TB
BSX,"February 2, 2010",TB|T100|TVA|TVB|TV100
AAPL,"September 5, 2014",TB
SNX,"May 7, 2009",TB|T100
CAJ,"February 13, 2015",TB
MMM,"May 13, 2011",TB|TVBF|TVB
MMM,"May 13, 2010",TB|TVBF|TVB
CI,"August 2, 2013",TB
NUAN,"January 9, 2014",TB|T100|TVA|TVB|TV100
EXTR,"November 10, 2011",TB|T100|TVBF|TVB|TV100
SMCI,"July 14, 2011",TB
SSNI,"December 19, 2014",TB|T100|TVA|TVB|TV100
MPWR,"May 3, 2012",TB|T100|TVBF|TVB|TV100
MSFT,"July 23, 2008",TB|T100
HAS,"March 22, 2012",TB
BELFA,"April 28, 2011",TB
TXN,"September 19, 2014",TB|T100|TVA|TVB|TV100
POWI,"January 26, 2011",TB|T100|TVBF|TVB|TV100
PHG,"April 30, 2009",TB
PFE,"February 16, 2010",TB|TVBF|TVB
CNA,"October 22, 2015",TB|T100
IPXL,"January 8, 2014",TB
AMPH,"October 28, 2011",TB
ODP,"May 8, 2013",TB
SONS,"June 27, 2014",TB
BBBY,"May 1, 2015",TB
MNTA,"October 28, 2011",TB
BBY,"March 11, 2015",TB
BHI,"September 11, 2009",TB|TVBF|TVB
PRGO,"June 23, 2014",TB|TVA|TVB
WMT,"September 7, 2012",TB
DDD,"June 20, 2013",TB|T100|TVBF|TVB|TV100
FMC,"January 6, 2010",TB|TVBF|TVB
SNPS,"November 12, 2010",TB|T100|TVBF|TVB|TV100
PHG,"March 6, 2014",TB
IBKR,"November 30, 2011",TB
SMCI,"March 1, 2011",TB|T100
MU,"May 8, 2013",TB
CTAA,"May 20, 2016",TB|T100
CIX,"October 4, 2010",TB|T100|TVBF|TVB|TV100
BBBY,"July 14, 2016",TB|T100
KYO,"March 18, 2013",TB|T100
GE,"May 3, 2011",TB|T100|TVBF|TVB|TV100
BHI,"December 11, 2009",TB|TVBF|TVB
SFLY,"August 22, 2012",TB|T100
FOSL,"September 19, 2014",TB|TVA|TVB
SUPN,"March 27, 2013",TB|TVBF|TVB
ALG,"January 27, 2012",TB|T100
DFS,"November 22, 2010",TB
DUK,"December 21, 2016",TB|T100
MON,"November 13, 2009",TB|TVBF|TVB
DISH,"March 4, 2011",TB|T100
MSFT,"September 6, 2016",TB|T100
AMZN,"June 16, 2010",TB|TVBF|TVB
MSFT,"December 15, 2010",TB|T100
SWIR,"December 21, 2015",TB|T100
AVY,"May 8, 2008",TB|TVBF|TVB
CAJ,"June 4, 2012",TB
DECK,"June 5, 2012",TB|TVBF|TVB
HPQ,"November 7, 2013",TB|T100
TGT,"July 13, 2009",TB
DECK,"May 5, 2014",TB|TVBF|TVB
LZB,"February 28, 2017",TB|T100|TVA|TVB|TV100
VNDA,"October 27, 2016",TB
WILN,"June 26, 2013",TB
WMT,"October 21, 2010",TB
COST,"June 27, 2008",TB
BBRY,"December 14, 2015",TB|T100
PLT,"October 23, 2012",TB|TVA|TVB
BDX,"May 19, 2010",TB|T100|TVA|TVB|TV100
FMC,"March 29, 2012",TB
NTGR,"September 25, 2014",TB|T100
BBBY,"November 21, 2016",TB
NOK,"May 5, 2017",TB|T100
PRGO,"July 2, 2012",TB
INFN,"November 20, 2015",TB|T100
WMT,"March 27, 2014",TB|T100
IPCI,"July 30, 2012",TB
BGCA,"February 6, 2014",TB
CTXS,"August 24, 2009",TB|TVBF|TVB
MSFT,"July 24, 2008",TB|T100|TVBF|TVB|TV100
TGT,"July 29, 2015",TB|TVBF|TVB
WHR,"August 4, 2016",TB|TVBF|TVB
SNA,"April 28, 2016",TB|TVA|TVB
ELY,"November 10, 2008",TB|TVBF|TVB
EA,"April 24, 2015",TB|T100|TVA|TVB|TV100
CL,"February 3, 2012",TB|TVA|TVB
FB,"March 28, 2016",TB
CAJ,"April 8, 2015",TB
AAPL,"September 16, 2013",TB|TVBF|TVB
AMZN,"April 24, 2015",TB
MU,"January 11, 2012",TB
AAPL,"September 2, 2015",TB|T100|TVBF|TVB|TV100
WMT,"April 26, 2016",TB|T100
AMZN,"January 20, 2016",TB|T100
DAL,"March 22, 2012",TB
SNPS,"December 19, 2014",TB|T100|TVA|TVB|TV100
BKS,"January 4, 2017",TB|T100|TVA|TVB|TV100
WMT,"July 17, 2008",TB
RTEC,"March 5, 2009",TB|T100
AAPL,"October 25, 2011",TB|T100|TVBF|TVB|TV100
TWX,"December 9, 2009",TB
DD,"May 19, 2017",TB|T100
MMM,"January 23, 2009",TB
BXS,"August 3, 2011",TB|T100
LLY,"January 10, 2017",TB|TVBF|TVB
MMM,"January 20, 2009",TB|TVBF|TVB
WWW,"March 22, 2012",TB
NVDA,"March 21, 2012",TB
AVT,"September 4, 2013",TB|T100
ODP,"May 15, 2013",TB
BBBY,"December 2, 2015",TB
EA,"May 1, 2015",TB
RTEC,"May 1, 2012",TB
MSFT,"December 4, 2008",TB|T100|TVA|TVB|TV100
DECK,"July 5, 2013",TB|TVBF|TVB
TGT,"March 11, 2015",TB
BBBY,"July 12, 2016",TB
HPQ,"April 12, 2017",TB|T100
CCV,"March 27, 2015",TB|T100
TEX,"January 31, 2014",TB|T100
MCK,"March 30, 2009",TB|T100
LLY,"June 1, 2017",TB|TVBF|TVB
AMGN,"February 29, 2008",TB|TVBF|TVB
DEPO,"June 17, 2014",TB|TVBF|TVB
BGG,"May 8, 2013",TB
AMAT,"July 23, 2010",TB|T100|TVA|TVB|TV100
PHG,"March 25, 2008",TB|T100
CRDS,"December 23, 2010",TB
IPCI,"June 20, 2011",TB
TXN,"January 19, 2016",TB
IPXL,"April 8, 2011",TB
SP,"December 12, 2016",TB|TVBF|TVB
AAPL,"February 23, 2015",TB
BDC,"October 10, 2014",TB
VAR,"April 25, 2012",TB|T100|TVA|TVB|TV100
CAJ,"May 25, 2011",TB
IBM,"January 18, 2016",TB
SUPN,"October 3, 2014",TB|TVBF|TVB
CFG,"August 3, 2011",TB|T100
AAPL,"August 26, 2013",TB|TVBF|TVB
F,"October 22, 2012",TB
MTB,"August 2, 2011",TB|T100
FII,"October 22, 2015",TB|T100
GE,"May 28, 2013",TB|T100|TVBF|TVB|TV100
TGT,"August 9, 2010",TB|TVBF|TVB
DHR,"June 14, 2017",TB
PLT,"May 10, 2011",TB
USB,"July 23, 2009",TB
CALL,"March 1, 2016",TB
WMT,"June 14, 2017",TB
DISH,"September 4, 2009",TB|T100
GRMN,"September 17, 2012",TB|T100
WHR,"January 22, 2016",TB|TVBF|TVB
FB,"June 25, 2013",TB
BGCA,"November 15, 2011",TB
CBS,"March 2, 2017",TB|T100
PHGL,"September 18, 2015",TB
CGNX,"June 30, 2014",TB|TVBF|TVB
USB,"September 27, 2010",TB|T100
ILMN,"September 9, 2016",TB|TVBF|TVB
BHI,"June 8, 2010",TB
CHSCL,"October 22, 2015",TB|T100
DEPO,"August 19, 2014",TB|TVBF|TVB
FOSL,"November 30, 2010",TB|TVA|TVB
RHT,"March 21, 2014",TB|T100
PH,"April 22, 2008",TB|T100|TVBF|TVB|TV100
ACOR,"January 21, 2016",TB|TVBF|TVB
MSFT,"April 21, 2009",TB|T100|TVA|TVB|TV100
AAPL,"September 28, 2015",TB|T100
XLNX,"April 15, 2015",TB|T100
AAPL,"January 20, 2016",TB|T100|TVBF|TVB|TV100
SUPN,"September 12, 2012",TB|TVBF|TVB
BGCA,"November 30, 2011",TB
NKE,"November 1, 2012",TB|TVBF|TVB
STI,"May 20, 2016",TB|T100|TVBF|TVB
CFR,"August 2, 2011",TB|T100
TGT,"February 27, 2009",TB
USB,"November 22, 2010",TB
NVDA,"April 5, 2011",TB|TVBF|TVB
BBBY,"March 5, 2014",TB
CAJ,"October 22, 2012",TB
MASI,"October 17, 2014",TB|T100|TVBF|TVB|TV100
CENT,"August 6, 2015",TB
SNPS,"November 17, 2014",TB|T100|TVA|TVB|TV100
HPQ,"September 28, 2015",TB|T100
SNPS,"June 27, 2017",TB|T100|TVBF|TVB|TV100
CAJ,"January 13, 2015",TB
INTC,"September 28, 2015",TB|T100
NUAN,"June 4, 2014",TB|T100|TVA|TVB|TV100
TECD,"January 8, 2008",TB
DSW,"February 22, 2012",TB|TVA|TVB
WHR,"April 12, 2017",TB|TVBF|TVB
NUAN,"December 29, 2011",TB
WMT,"March 9, 2011",TB
WHR,"July 20, 2016",TB|TVBF|TVB
NVO,"February 18, 2011",TB|TVA|TVB
BAX,"June 24, 2009",TB|T100
WMT,"July 23, 2013",TB
CGNX,"May 14, 2015",TB|T100|TVA|TVB|TV100
MSFT,"August 11, 2009",TB|T100|TVA|TVB|TV100
SNY,"January 5, 2017",TB|TVA|TVB
LEA,"March 16, 2011",TB|T100
ADMS,"February 16, 2016",TB|TVBF|TVB
AWRE,"October 10, 2014",TB
HAE,"May 10, 2012",TB|TVA|TVB
T,"May 1, 2013",TB|T100
FTNT,"July 22, 2016",TB
NKE,"November 28, 2008",TB|TVBF|TVB
HAS,"October 4, 2013",TB|TVA|TVB
IBM,"March 6, 2014",TB
PRGO,"February 13, 2009",TB
AMTD,"February 6, 2014",TB
ROK,"June 30, 2016",TB
NSIT,"March 21, 2014",TB|T100
WDC,"March 31, 2015",TB|T100|TVA|TVB|TV100
BBRY,"December 28, 2015",TB|T100
EBAY,"January 24, 2017",TB
RAD,"October 22, 2015",TB|T100
AMTD,"November 30, 2011",TB
SMSI,"June 27, 2014",TB
IBM,"October 13, 2009",TB
MKSI,"June 25, 2009",TB|TVBF|TVB
BCOV,"October 10, 2014",TB
KODK,"June 17, 2014",TB|T100
V,"November 26, 2013",TB
IPXL,"July 14, 2010",TB|TVA|TVB
MCK,"May 7, 2009",TB
MSI,"June 27, 2014",TB
DEST,"January 20, 2016",TB
BDX,"October 29, 2008",TB|T100|TVBF|TVB|TV100
BDX,"May 22, 2012",TB|T100|TVBF|TVB|TV100
GGG,"December 1, 2016",TB|T100|TVA|TVB|TV100
TDA,"October 30, 2012",TB|T100
IBM,"April 6, 2015",TB
IBM,"July 14, 2011",TB|TVA|TVB
TGT,"July 23, 2009",TB
CREE,"June 27, 2012",TB|TVBF|TVB
LVLT,"November 20, 2015",TB|T100
BONT,"March 28, 2016",TB|T100
DEPO,"January 13, 2017",TB|TVBF|TVB
PHG,"June 26, 2012",TB
NKE,"February 29, 2016",TB|TVBF|TVB
NVS,"August 4, 2014",TB|TVBF|TVB
P,"February 21, 2012",TB|TVBF|TVB
COST,"June 21, 2011",TB
WMT,"June 30, 2009",TB|T100
CPLA,"April 12, 2013",TB
ITW,"December 13, 2013",TB|T100
YHOO,"March 8, 2010",TB|TVA|TVB
PRGO,"February 28, 2017",TB
CAJ,"March 12, 2012",TB
RMCF,"January 20, 2016",TB
COST,"September 29, 2008",TB|T100
NTGR,"March 2, 2017",TB|T100|TVBF|TVB|TV100
IBM,"June 20, 2014",TB
NOK,"November 10, 2010",TB|T100
GE,"January 3, 2014",TB|T100
AMZN,"September 28, 2010",TB
DEPO,"July 20, 2015",TB|TVBF|TVB
VLO,"October 22, 2015",TB|T100
CAJ,"June 24, 2014",TB
REGN,"January 5, 2017",TB|TVA|TVB
INTC,"June 8, 2015",TB|T100
BPOP,"May 20, 2016",TB|T100
AEO,"May 15, 2008",TB
CAJ,"March 11, 2015",TB
IPXL,"December 6, 2013",TB|TVA|TVB
CHKP,"June 8, 2015",TB|T100
KMB,"January 14, 2010",TB|TVBF|TVB
DECK,"April 18, 2014",TB|TVBF|TVB
TXN,"May 18, 2016",TB|T100
ECL,"March 20, 2012",TB
IPXL,"October 6, 2011",TB|TVA|TVB
AMZN,"April 11, 2012",TB|TVBF|TVB
CENT,"May 1, 2015",TB
CTAA,"October 30, 2012",TB|T100
ILMN,"July 12, 2016",TB|TVBF|TVB
CSCO,"May 2, 2011",TB
EGRX,"July 11, 2012",TB
CSCO,"February 28, 2013",TB|T100
KMT,"June 16, 2010",TB
CSCO,"May 28, 2013",TB|T100
PH,"May 25, 2011",TB|T100|TVBF|TVB|TV100
IBM,"April 3, 2012",TB
AMTD,"June 29, 2010",TB|T100
MAT,"May 20, 2014",TB|TVBF|TVB
COST,"July 6, 2009",TB|T100
INTC,"May 8, 2014",TB|T100|TVBF|TVB|TV100
CFR,"September 11, 2009",TB
INTC,"March 6, 2014",TB
RTEC,"August 28, 2009",TB|T100
FISV,"October 23, 2009",TB|TVBF|TVB
INTC,"May 9, 2014",TB|T100|TVBF|TVB|TV100
SYMC,"March 24, 2016",TB|T100|TVA|TVB|TV100
WLK,"December 29, 2016",TB|T100|TVBF|TVB|TV100
MON,"February 19, 2008",TB|TVBF|TVB
BBRY,"January 20, 2016",TB|T100
SHLD,"April 22, 2015",TB|T100
IPXL,"June 22, 2012",TB|TVA|TVB
PRGO,"February 25, 2008",TB
BBBY,"January 3, 2017",TB
FNSR,"December 18, 2015",TB
FFIV,"August 22, 2016",TB|TVA|TVB
AMTD,"November 15, 2011",TB
BDC,"June 30, 2016",TB
NOK,"May 13, 2014",TB|T100
NKE,"September 23, 2016",TB|TVBF|TVB
ICON,"March 22, 2012",TB
COST,"May 8, 2013",TB
CFG,"September 27, 2010",TB|T100
FDC,"September 27, 2010",TB|T100
MGIC,"March 21, 2014",TB|T100
PFE,"May 9, 2016",TB
NUVA,"September 29, 2011",TB|T100|TVBFA|TVB|TV100
PHG,"January 30, 2009",TB|T100
FMC,"September 26, 2011",TB
PHG,"February 14, 2008",TB
DECK,"June 4, 2012",TB|TVBF|TVB
WHR,"September 12, 2016",TB|TVBF|TVB
CAJ,"July 2, 2012",TB
DECK,"April 21, 2014",TB|TVBF|TVB
MNTA,"October 7, 2011",TB
MON,"January 29, 2009",TB|TVBF|TVB
HAS,"March 9, 2011",TB|TVBF|TVB
IPXL,"September 24, 2013",TB
MSFT,"January 25, 2017",TB|T100
LEA,"February 25, 2011",TB|T100
XLNX,"November 21, 2016",TB
HOG,"April 3, 2009",TB
AVT,"October 2, 2013",TB|T100
PHG,"May 21, 2009",TB
ANDE,"April 28, 2014",TB|TVA|TVB
MMM,"November 23, 2011",TB|T100|TVBF|TVB|TV100
CMA,"August 2, 2011",TB|T100
CHTR,"May 20, 2016",TB|T100
DECK,"November 25, 2013",TB|T100|TVBF|TVB|TV100
AMPH,"March 1, 2016",TB
POWI,"March 10, 2017",TB|T100|TVBF|TVB|TV100
MNTA,"March 1, 2016",TB|TVA|TVB
STI,"September 27, 2010",TB|T100
CAJ,"February 24, 2015",TB
JNJ,"July 6, 2009",TB
TSN,"November 17, 2014",TB|TVBF|TVB
BGCA,"June 29, 2010",TB|T100
CBS,"June 25, 2013",TB
HOLX,"October 25, 2011",TB|TVBF|TVB
AMZN,"January 9, 2015",TB|T100
WHR,"June 22, 2016",TB|TVBF|TVB
MAT,"March 22, 2012",TB
CAMT,"November 17, 2010",TB|T100|TVA|TVB|TV100
DISH,"August 3, 2011",TB
AAPL,"December 3, 2009",TB|T100|TVA|TVB|TV100
CAMT,"March 5, 2009",TB|T100|TVA|TVB|TV100
NVDA,"September 4, 2015",TB|T100
SYX,"August 11, 2010",TB|T100
BOX,"August 20, 2015",TB|T100|TVA|TVB|TV100
CIX,"October 8, 2010",TB|T100|TVBF|TVB|TV100
WMT,"May 6, 2014",TB|T100
RTEC,"July 7, 2015",TB|TVBF|TVB
TGT,"September 29, 2008",TB|T100
MSTR,"November 20, 2008",TB|T100|TVA|TVB|TV100
MON,"December 3, 2008",TB|TVBF|TVB
V,"November 14, 2013",TB|TVBF|TVB
RCII,"September 28, 2015",TB|T100
ALK,"October 22, 2015",TB|T100
ADBE,"October 10, 2014",TB
SATS,"March 4, 2011",TB|T100
WMT,"June 3, 2010",TB|TVA|TVB
SUPN,"June 8, 2012",TB
TGT,"April 6, 2015",TB
INTC,"August 24, 2012",TB
WMT,"June 27, 2008",TB
BMY,"October 19, 2010",TB|T100
WHR,"July 26, 2016",TB|TVBF|TVB
HPQ,"March 1, 2011",TB|T100
NKE,"June 18, 2008",TB|TVBF|TVB
KYO,"May 14, 2012",TB
PRGO,"December 4, 2015",TB|T100
IPXL,"October 6, 2009",TB|TVA|TVB
DCI,"June 11, 2010",TB|TVBF|TVB
WDC,"January 2, 2013",TB|TVBF|TVB
SPLS,"July 29, 2015",TB|TVBF|TVB
SNPS,"March 17, 2015",TB
CRY,"March 10, 2015",TB|TVA|TVB
CSCO,"August 17, 2011",TB|T100
AAPL,"October 26, 2015",TB|T100|TVA|TVB|TV100
IBM,"March 1, 2013",TB
MON,"March 29, 2013",TB|T100|TVBF|TVB|TV100
IBM,"March 1, 2011",TB|T100|TVA|TVB|TV100
GE,"November 7, 2012",TB|T100
TSN,"January 13, 2015",TB
HPE,"February 27, 2017",TB|T100
USB,"August 3, 2011",TB|T100
ITW,"November 18, 2013",TB|T100|TVBF|TVB|TV100
GE,"October 22, 2015",TB|T100
TIME,"April 9, 2015",TB|T100
LLY,"August 22, 2016",TB|TVBF|TVB
BBY,"July 14, 2014",TB|T100
WHR,"August 8, 2016",TB|TVBF|TVB
BBRY,"February 23, 2015",TB|T100|TVBF|TVB|TV100
CME,"September 30, 2011",TB|T100
ETSY,"May 20, 2016",TB|T100
PH,"March 17, 2011",TB|T100|TVBF|TVB|TV100
TXN,"August 6, 2015",TB|T100
CSCO,"March 31, 2014",TB|T100
MON,"January 15, 2009",TB|T100|TVBF|TVB|TV100
F,"March 22, 2012",TB
AAPL,"August 30, 2011",TB|T100|TVA|TVB|TV100
KEY,"September 27, 2010",TB|T100
T,"March 22, 2012",TB
AAPL,"February 17, 2015",TB|T100
AMZN,"March 14, 2017",TB|TVA|TVB
CAJ,"September 8, 2015",TB
CAJ,"January 14, 2013",TB
AAPL,"September 4, 2015",TB|T100|TVBF|TVB
NTAP,"April 15, 2015",TB|T100|TVBF|TVB|TV100
AMZN,"September 29, 2008",TB|T100
SYMC,"December 29, 2011",TB
MON,"June 13, 2008",TB|TVBF|TVB
ABBV,"July 15, 2014",TB|TVBF|TVB
DCI,"October 2, 2012",TB|TVBF|TVB
UUU,"May 15, 2009",TB|T100
GRMN,"October 8, 2009",TB
CAMT,"July 7, 2015",TB|TVA|TVB
DECK,"June 20, 2014",TB|TVBF|TVB
HOLX,"October 18, 2011",TB|T100|TVA|TVB|TV100
AAPL,"May 8, 2014",TB
AMGN,"January 5, 2017",TB|TVBF|TVB
COST,"May 15, 2013",TB
PHG,"March 1, 2013",TB
RCII,"February 9, 2009",TB
IBM,"August 20, 2015",TB
DECK,"July 31, 2014",TB|TVBF|TVB
MSFT,"March 20, 2015",TB|T100
AMBA,"March 4, 2011",TB|T100
BBRY,"February 26, 2016",TB|T100
CSCO,"January 24, 2011",TB
ACOR,"August 5, 2016",TB|TVBF|TVB
SSNI,"July 25, 2016",TB|T100|TVBF|TVB|TV100
AMZN,"March 22, 2012",TB
ZION,"September 4, 2015",TB|T100
CCV,"March 2, 2017",TB|T100
INTC,"January 18, 2016",TB
MSI,"August 14, 2013",TB
AMZN,"April 26, 2012",TB
EBAY,"March 22, 2012",TB
MLHR,"March 22, 2012",TB
BBOX,"July 22, 2016",TB
FDC,"September 11, 2009",TB
IBM,"June 22, 2012",TB
CAJ,"September 30, 2014",TB
GE,"November 15, 2011",TB
MON,"September 30, 2009",TB|TVBF|TVB
POWI,"August 7, 2015",TB|T100|TVBFA|TVB|TV100
DECK,"December 10, 2013",TB|T100|TVBF|TVB|TV100
BCR,"July 30, 2008",TB|T100
CSCO,"May 20, 2011",TB|T100|TVA|TVB|TV100
BKS,"March 22, 2017",TB|TVA|TVB
BKS,"March 22, 2012",TB
LPL,"July 8, 2010",TB|T100
AMGN,"October 2, 2008",TB|TVBF|TVB
AKAM,"March 20, 2015",TB|T100
BAC,"September 27, 2010",TB|T100
NKE,"February 17, 2016",TB|TVBF|TVB
SHLD,"October 15, 2014",TB
LLY,"April 14, 2016",TB|T100|TVBF|TVB|TV100
PFE,"December 10, 2013",TB
CSCO,"June 1, 2017",TB|T100|TVA|TVB|TV100
UUU,"May 12, 2009",TB|T100
GGG,"March 14, 2017",TB|T100|TVA|TVB|TV100
PII,"September 17, 2009",TB|T100|TVA|TVB|TV100
NOK,"May 14, 2012",TB
VAR,"April 26, 2012",TB|T100|TVA|TVB|TV100
SMSI,"August 22, 2014",TB
CSCO,"December 29, 2010",TB|T100
HON,"October 14, 2009",TB
IPXL,"November 30, 2012",TB|T100
TBBK,"November 22, 2010",TB
AMBA,"January 15, 2010",TB|T100
ADTN,"July 22, 2016",TB
VZ,"October 22, 2015",TB|T100
AAPL,"June 25, 2012",TB
IPXL,"April 29, 2013",TB
WBA,"September 29, 2016",TB
RAD,"December 9, 2014",TB
MNTA,"October 21, 2011",TB
MON,"September 17, 2008",TB|T100|TVBF|TVB|TV100
RHT,"October 13, 2010",TB|T100|TVBF|TVB|TV100
ITRI,"December 4, 2014",TB|T100
CALL,"February 9, 2016",TB
TGT,"February 29, 2008",TB|T100|TVBF|TVB|TV100
USB,"May 20, 2016",TB|T100
SHLD,"April 26, 2016",TB|T100
BBT,"August 2, 2011",TB|T100
CSCO,"June 27, 2014",TB
ACOR,"October 29, 2015",TB|TVBF|TVB
RMBS,"March 8, 2010",TB
SUPN,"July 18, 2012",TB|TVBF|TVB
DECK,"January 5, 2015",TB|TVBF|TVB
TGT,"March 24, 2011",TB
MMM,"January 26, 2009",TB|T100
PRGO,"June 9, 2017",TB|TVA|TVB
TIME,"March 22, 2012",TB
ACOR,"April 25, 2017",TB|TVBF|TVB
TECD,"May 7, 2009",TB|T100|TVA|TVB|TV100
LLY,"March 21, 2011",TB|TVBF|TVB
BWA,"February 26, 2016",TB
BELFA,"April 30, 2014",TB|T100|TVA|TVB|TV100
MSFT,"May 14, 2012",TB|TVBF|TVB
NTGR,"January 29, 2009",TB
RTEC,"August 11, 2011",TB|T100
CAMT,"May 1, 2012",TB|TVA|TVB
MON,"February 16, 2010",TB|T100|TVBF|TVB|TV100
ITW,"October 25, 2013",TB|T100|TVBF|TVB|TV100
WTW,"December 21, 2016",TB
TGT,"January 3, 2014",TB|T100|TVA|TVB
IBM,"June 23, 2017",TB
STI,"September 11, 2009",TB
ROK,"March 15, 2013",TB|TVA|TVB
MON,"March 4, 2010",TB|T100|TVBF|TVB|TV100
WHR,"July 14, 2016",TB|TVBF|TVB
FDX,"September 8, 2009",TB|T100
PIR,"January 20, 2016",TB
IPXL,"July 2, 2012",TB
WMT,"March 11, 2015",TB
CIX,"January 22, 2010",TB|TVBF|TVB
NATI,"June 19, 2013",TB|T100|TVA|TVB
LLY,"February 20, 2013",TB
MSFT,"June 26, 2012",TB
AMZN,"May 15, 2013",TB
TEX,"December 8, 2011",TB|T100
FDC,"August 3, 2011",TB|T100
HOLX,"January 9, 2012",TB|T100|TVA|TVB|TV100
MSFT,"April 11, 2012",TB|TVBF|TVB
NTGR,"October 2, 2009",TB|TVBF|TVB
FDC,"August 2, 2011",TB|T100
IPXL,"June 19, 2013",TB|TVA|TVB
SHLD,"September 4, 2015",TB
MITK,"October 8, 2013",TB|TVBF|TVB
MMM,"June 21, 2012",TB|TVBF|TVB
LLY,"March 31, 2010",TB|TVBF|TVB
MON,"September 30, 2013",TB|T100|TVBF|TVB|TV100
WBA,"January 3, 2017",TB|TVA|TVB
EBAY,"October 12, 2016",TB
LMT,"December 5, 2012",TB|T100
HAE,"August 19, 2009",TB|T100|TVBF|TVB|TV100
AAPL,"June 14, 2011",TB|TVA|TVB
BELFA,"March 31, 2014",TB|T100|TVA|TVB|TV100
WMT,"January 13, 2010",TB|TVA|TVB
MTSI,"December 7, 2016",TB|TVBF|TVB
CSCO,"May 25, 2017",TB|T100|TVA|TVB|TV100
ZION,"August 3, 2011",TB|T100
MON,"September 24, 2012",TB|TVBF|TVB
DECK,"October 29, 2013",TB|TVBF|TVB
BAC,"March 26, 2010",TB|T100
COST,"July 17, 2008",TB|TVBF|TVB
INTC,"March 1, 2013",TB
CALL,"November 20, 2015",TB
EBAY,"April 5, 2013",TB|T100|TVBF|TVB|TV100
NTGR,"August 8, 2013",TB|T100|TVA|TVB|TV100
BONT,"November 30, 2010",TB
MSFT,"November 25, 2014",TB|TVA|TVB
SNA,"September 25, 2014",TB|T100|TVBF|TVB|TV100
BELFA,"September 30, 2011",TB|T100
BBY,"January 9, 2015",TB|T100
AMPH,"May 9, 2016",TB
HON,"December 5, 2012",TB|T100|TVBF|TVB|TV100
TGT,"March 22, 2012",TB
HPQ,"June 2, 2009",TB|T100
TWX,"April 29, 2010",TB
MSFT,"November 17, 2008",TB|T100
PETS,"June 10, 2008",TB
INTC,"November 25, 2014",TB
VAR,"May 25, 2012",TB|T100|TVA|TVB|TV100
AMZN,"December 21, 2015",TB|T100
PCAR,"January 5, 2015",TB|TVBF|TVB
VIA,"August 26, 2014",TB|T100
YHOO,"December 19, 2012",TB|T100|TVBF|TVB|TV100
AAPL,"June 20, 2014",TB
OIIM,"May 3, 2012",TB|T100|TVA|TVB|TV100
CTXS,"September 11, 2014",TB|T100|TVBF|TVB|TV100
CMA,"August 3, 2011",TB|T100
BC,"March 22, 2012",TB
CENT,"July 6, 2016",TB
MON,"July 10, 2009",TB|T100|TVBF|TVB|TV100
WBA,"November 21, 2016",TB|TVA|TVB
BGG,"March 22, 2012",TB
EXTR,"October 29, 2008",TB|T100|TVBF|TVB|TV100
WMT,"February 24, 2014",TB|T100
AAPL,"August 12, 2016",TB|T100
CNXN,"March 11, 2015",TB
SUPN,"February 18, 2016",TB|TVBF|TVB
NATI,"December 29, 2011",TB|TVBF|TVB
T,"May 20, 2016",TB|T100
LLY,"March 13, 2017",TB|TVBF|TVB
SNPS,"September 29, 2010",TB|T100|TVBF|TVB|TV100
AAPL,"March 6, 2014",TB
ACOR,"March 29, 2017",TB|TVBF|TVB
CMI,"August 16, 2016",TB
MON,"August 23, 2010",TB|T100|TVBF|TVB|TV100
GCO,"March 24, 2011",TB
ALG,"February 6, 2012",TB|T100|TVBF|TVB|TV100
AAPL,"August 24, 2012",TB
TXN,"October 10, 2014",TB
PRGO,"April 17, 2009",TB|TVA|TVB
PFE,"July 14, 2010",TB|TVBF|TVB
MLNX,"December 18, 2015",TB
INTC,"June 23, 2017",TB
INTL,"October 22, 2015",TB|T100
SYK,"May 16, 2017",TB|T100
AAPL,"January 25, 2017",TB|T100
BDC,"June 25, 2013",TB
COF,"November 17, 2015",TB|TVBF|TVB
GRMN,"January 10, 2014",TB
DECK,"February 15, 2017",TB|TVBF|TVB
IDTI,"June 19, 2013",TB|T100
BAX,"May 10, 2012",TB
INTU,"May 20, 2016",TB|T100
PRGO,"November 22, 2013",TB
MON,"April 22, 2008",TB|TVBF|TVB
WHR,"April 9, 2010",TB|T100|TVBF|TVB|TV100
NOK,"November 7, 2012",TB
AWRE,"June 25, 2013",TB
CAJ,"October 9, 2014",TB
AMZN,"April 20, 2015",TB|TVBF|TVB
CFG,"August 2, 2011",TB|T100
DFS,"May 20, 2016",TB|T100
FIVE,"November 10, 2016",TB
BBRY,"January 19, 2016",TB|TVBF|TVB
BHI,"May 27, 2010",TB
BBRY,"March 28, 2014",TB|TVBF|TVB
ADBE,"May 8, 2013",TB
CNXN,"May 15, 2013",TB
RMBS,"January 11, 2012",TB
WFC,"August 2, 2011",TB|T100
LLY,"March 9, 2012",TB|TVBF|TVB
AAPL,"November 20, 2014",TB|T100|TVA|TVB|TV100
INTC,"March 21, 2008",TB
CENT,"June 2, 2010",TB|TVA|TVB
CMG,"January 13, 2015",TB|TVBF|TVB
BBBY,"February 20, 2014",TB
SWM,"December 5, 2011",TB
LLY,"May 25, 2017",TB|TVBF|TVB
MON,"March 3, 2015",TB|T100|TVBF|TVB|TV100
BBT,"September 27, 2010",TB|T100
PFE,"October 6, 2011",TB
TWX,"February 1, 2010",TB|T100
NFLX,"March 22, 2012",TB
RTEC,"February 9, 2015",TB|T100|TVBF|TVB|TV100
NVDA,"May 18, 2016",TB|T100
DE,"June 22, 2016",TB|TVA|TVB
MDCO,"March 27, 2015",TB|TVBF|TVB
ANDE,"June 5, 2015",TB|TVBF|TVB
MMM,"September 8, 2009",TB|TVBF|TVB
ACOR,"December 15, 2015",TB|TVBF|TVB
MON,"June 17, 2009",TB|T100|TVBF|TVB|TV100
CAJ,"May 15, 2014",TB
VICR,"May 17, 2011",TB
NUAN,"February 4, 2014",TB|T100|TVA|TVB|TV100
SHLD,"February 11, 2009",TB|T100
BWA,"July 27, 2015",TB|T100
INTC,"September 19, 2014",TB
KMB,"December 23, 2009",TB|TVBF|TVB
MU,"May 13, 2008",TB
AKRX,"September 22, 2015",TB
RDWR,"August 22, 2016",TB|TVBF|TVB
VNDA,"August 25, 2016",TB
XLNX,"March 27, 2015",TB|T100
CBS,"February 21, 2012",TB
NVDA,"July 7, 2015",TB|T100
SWIR,"March 11, 2008",TB
INTC,"August 8, 2013",TB|T100
BELFA,"June 17, 2013",TB
MON,"June 4, 2009",TB|TVBF|TVB
USB,"September 11, 2009",TB
IBM,"February 18, 2016",TB|T100
GMED,"August 6, 2009",TB|TVA|TVB
AMZN,"November 28, 2011",TB|T100
FITB,"May 20, 2016",TB|T100
DCI,"January 25, 2011",TB|TVBF|TVB
PHG,"January 13, 2009",TB
MSFT,"July 15, 2015",TB|TVBF|TVB
BELFA,"May 12, 2014",TB|TVA|TVB
PFE,"June 20, 2008",TB|TVBF|TVB
BXS,"September 11, 2009",TB
ATEN,"January 10, 2013",TB|TVA|TVB
ATEN,"June 10, 2013",TB|T100|TVA|TVB|TV100
WMT,"October 31, 2016",TB
BSX,"January 23, 2009",TB|T100|TVA|TVB|TV100
CAJ,"February 8, 2013",TB
CROX,"August 25, 2015",TB
CAJ,"April 3, 2012",TB
CAJ,"May 29, 2012",TB
AET,"June 10, 2008",TB|TVA|TVB
MSFT,"September 18, 2015",TB
IBKR,"June 29, 2010",TB|T100
MNTA,"July 24, 2012",TB|TVA|TVB
STT,"May 20, 2016",TB|T100|TVBF|TVB
MMM,"November 11, 2010",TB
AAPL,"December 22, 2016",TB|T100|TVA|TVB|TV100
IPXL,"January 14, 2009",TB|TVA|TVB
NKE,"June 16, 2017",TB|T100|TVBF|TVB|TV100
BBY,"September 4, 2015",TB
BELFA,"December 29, 2010",TB|T100|TVA|TVB|TV100
CAJ,"June 6, 2014",TB
BAX,"April 4, 2008",TB|T100
PFE,"July 27, 2015",TB
WHR,"April 22, 2016",TB|TVBF|TVB
CAJ,"May 24, 2012",TB
LLY,"September 28, 2015",TB|TVA|TVB
CAMT,"February 9, 2015",TB|T100|TVA|TVB|TV100
CAJ,"April 12, 2017",TB|T100
KEY,"September 11, 2009",TB
WHR,"July 15, 2016",TB|TVBF|TVB
CSCO,"April 11, 2011",TB
PRGO,"June 12, 2009",TB
WMT,"July 16, 2009",TB|T100|TVBF|TVB|TV100
HON,"June 17, 2014",TB|T100|TVA|TVB|TV100
HON,"June 17, 2013",TB
NOK,"September 6, 2016",TB|T100
YHOO,"October 10, 2014",TB
NOK,"June 26, 2012",TB
P,"December 14, 2009",TB|T100
YHOO,"June 25, 2013",TB
KYO,"April 11, 2012",TB
FUN,"March 13, 2017",TB|T100
YHOO,"February 21, 2012",TB
HPQ,"September 4, 2015",TB|T100
MSFT,"June 23, 2017",TB
YHOO,"February 1, 2010",TB|T100|TVA|TVB|TV100
FISV,"May 20, 2016",TB|T100|TVBF|TVB
INTC,"August 20, 2015",TB
UTX,"May 20, 2011",TB|TVA|TVB
IBKR,"January 24, 2013",TB
IPXL,"November 7, 2012",TB|T100
IDT,"August 18, 2011",TB|T100|TVA|TVB|TV100
LLY,"March 9, 2009",TB|TVBF|TVB
WMT,"June 25, 2013",TB|T100
CSCO,"September 9, 2009",TB
HOG,"January 28, 2014",TB
CAJ,"September 5, 2014",TB
MTSI,"June 16, 2014",TB|TVBF|TVB
ADBE,"May 15, 2013",TB
NTGR,"March 4, 2011",TB|TVBF|TVB
MMM,"June 29, 2010",TB|TVBF|TVB
SLAB,"August 27, 2008",TB
FNSR,"January 10, 2014",TB|TVBF|TVB
MLNX,"May 19, 2015",TB
PHG,"June 17, 2014",TB|T100
ITRI,"July 25, 2016",TB|T100
BXS,"August 2, 2011",TB|T100
MSFT,"May 8, 2013",TB|T100|TVBF|TVB
CSCO,"September 18, 2014",TB|T100|TVA|TVB|TV100
MON,"June 17, 2010",TB|TVBF|TVB
WHR,"October 30, 2015",TB|TVBF|TVB
NVDA,"August 12, 2013",TB|T100|TVBF|TVB|TV100
CAJ,"March 20, 2012",TB
BBBY,"July 6, 2016",TB
NVDA,"August 6, 2015",TB|T100
INTC,"June 26, 2012",TB
CDW,"January 8, 2008",TB
BKS,"June 25, 2012",TB
PHG,"May 14, 2012",TB
MON,"March 27, 2009",TB|TVBF|TVB
NOK,"February 22, 2010",TB
CDW,"August 11, 2010",TB|T100
AKRX,"January 30, 2017",TB
MON,"March 14, 2014",TB|T100|TVBF|TVB|TV100
TGT,"February 11, 2009",TB|T100
SUPN,"June 22, 2012",TB|TVBF|TVB
YHOO,"March 22, 2012",TB
IPXL,"February 8, 2012",TB
TXN,"July 7, 2015",TB|T100
HOLX,"July 23, 2012",TB|TVA|TVB
TMO,"September 17, 2012",TB|T100
BBRY,"June 9, 2015",TB|TVBF|TVB
NKE,"May 17, 2013",TB|TVBF|TVB
BAC,"November 22, 2010",TB
BBBY,"April 9, 2015",TB|T100
ASUR,"June 25, 2013",TB
WMT,"April 6, 2015",TB
PHG,"September 19, 2014",TB
BONT,"September 19, 2014",TB
BBY,"September 29, 2008",TB|T100
MON,"February 17, 2010",TB|T100|TVBF|TVB|TV100
CNXN,"April 6, 2015",TB
NVS,"July 24, 2012",TB
MU,"March 10, 2009",TB
FDX,"July 13, 2009",TB|TVBF|TVB
LLY,"April 22, 2009",TB|TVBF|TVB
PFE,"July 26, 2011",TB|TVBF|TVB
CBS,"October 10, 2014",TB
AMZN,"January 8, 2016",TB
SPLS,"January 20, 2012",TB|T100|TVBFA|TVB|TV100
AMZN,"September 4, 2015",TB
GLUU,"December 5, 2016",TB
AMGN,"December 28, 2009",TB|TVBF|TVB
PFE,"November 15, 2013",TB
CI,"July 17, 2009",TB
FB,"November 26, 2013",TB
T,"September 6, 2013",TB|T100
AMZN,"December 23, 2010",TB
EGRX,"August 29, 2016",TB
WHR,"January 27, 2017",TB|TVBF|TVB
WMT,"January 3, 2017",TB
WHR,"January 27, 2016",TB|TVBF|TVB
LLY,"September 23, 2009",TB|TVBF|TVB
CHTR,"March 2, 2017",TB|T100|TVBF|TVB|TV100
CAJ,"March 9, 2010",TB
DECK,"April 9, 2014",TB|TVBF|TVB
GE,"April 30, 2008",TB
CNXN,"May 8, 2013",TB
OIIM,"March 3, 2011",TB|T100|TVA|TVB|TV100
SPLS,"March 22, 2012",TB
PHG,"September 29, 2011",TB
IBKR,"November 15, 2011",TB
CSCO,"July 23, 2014",TB|T100|TVA|TVB|TV100
BKS,"December 28, 2016",TB|T100|TVA|TVB|TV100
IBM,"June 26, 2012",TB
BKS,"December 28, 2012",TB
SYK,"August 7, 2013",TB|T100|TVBF|TVB|TV100
DEPO,"April 11, 2017",TB|TVBF|TVB
DECK,"August 18, 2014",TB|TVBF|TVB
HELE,"October 29, 2012",TB|TVBF|TVB
SNX,"January 8, 2008",TB
RMBS,"March 10, 2009",TB
WMT,"April 9, 2012",TB
CSCO,"April 28, 2011",TB
CFR,"August 3, 2011",TB|T100
FMC,"February 4, 2010",TB|TVBF|TVB
EXTR,"March 19, 2009",TB|T100|TVBF|TVB|TV100
PHG,"November 7, 2012",TB
VNDA,"December 9, 2016",TB
IPXL,"March 21, 2011",TB
AMZN,"June 9, 2016",TB
AMGN,"January 31, 2017",TB|TVA|TVB
MMM,"August 12, 2008",TB
COST,"July 16, 2009",TB|T100
FB,"April 12, 2016",TB
ILMN,"June 5, 2013",TB|T100|TVA|TVB|TV100
HON,"February 6, 2014",TB|T100|TVBF|TVB|TV100
MDCO,"January 24, 2012",TB|TVBF|TVB
AAPL,"June 12, 2017",TB|T100|TVA|TVB|TV100
DISH,"February 8, 2010",TB|T100|TVA|TVB|TV100
WMT,"September 6, 2012",TB|T100
WFC,"September 27, 2010",TB|T100
CAJ,"November 14, 2012",TB
WMT,"July 7, 2009",TB|T100
MON,"February 9, 2010",TB|TVBF|TVB
XLNX,"September 3, 2013",TB|T100|TVA|TVB|TV100
AMTD,"January 24, 2013",TB
HPQ,"December 21, 2015",TB|T100
AAPL,"March 10, 2011",TB|TVBF|TVB
BCR,"March 26, 2009",TB
TMO,"August 12, 2010",TB
HPQ,"March 31, 2009",TB|T100
LKQ,"November 30, 2016",TB|TVBF|TVB
HPQ,"December 20, 2013",TB
FMC,"September 23, 2011",TB|T100
STI,"October 22, 2015",TB|T100
AMGN,"February 15, 2017",TB|TVA|TVB
CSCO,"April 30, 2014",TB|T100
AAPL,"September 30, 2016",TB|T100|TVBFA|TVJB|TV100
